date,cpi,inflation_pct
2010-01-01,101.8,1.7999999999999972
2010-02-01,101.9,1.9000000000000057
2010-03-01,100.9,0.9000000000000057
2010-04-01,99.7,-0.29999999999999716
2010-05-01,99.4,-0.5999999999999943
2010-06-01,99.6,-0.4000000000000057
2010-07-01,99.8,-0.20000000000000284
2010-08-01,101.2,1.2000000000000028
2010-09-01,102.9,2.9000000000000057
2010-10-01,100.5,0.5
2010-11-01,100.3,0.29999999999999716
2010-12-01,100.8,0.7999999999999972
2011-01-01,101.0,1.0
2011-02-01,100.9,0.9000000000000057
2011-03-01,101.4,1.4000000000000057
2011-04-01,101.3,1.2999999999999972
2011-05-01,100.8,0.7999999999999972
2011-06-01,100.4,0.4000000000000057
2011-07-01,98.7,-1.2999999999999972
2011-08-01,99.6,-0.4000000000000057
2011-09-01,100.1,0.09999999999999432
2011-10-01,100.0,0.0
2011-11-01,100.1,0.09999999999999432
2011-12-01,100.2,0.20000000000000284
2012-01-01,100.2,0.20000000000000284
2012-02-01,100.2,0.20000000000000284
2012-03-01,100.3,0.29999999999999716
2012-04-01,100.0,0.0
2012-05-01,99.7,-0.29999999999999716
2012-06-01,99.7,-0.29999999999999716
2012-07-01,99.8,-0.20000000000000284
2012-08-01,99.7,-0.29999999999999716
2012-09-01,100.1,0.09999999999999432
2012-10-01,100.0,0.0
2012-11-01,99.9,-0.09999999999999432
2012-12-01,100.2,0.20000000000000284
2013-01-01,100.2,0.20000000000000284
2013-02-01,99.9,-0.09999999999999432
2013-03-01,100.0,0.0
2013-04-01,100.0,0.0
2013-05-01,100.1,0.09999999999999432
2013-06-01,100.0,0.0
2013-07-01,99.9,-0.09999999999999432
2013-08-01,99.3,-0.7000000000000028
2013-09-01,100.0,0.0
2013-10-01,100.4,0.4000000000000057
2013-11-01,100.2,0.20000000000000284
2013-12-01,100.5,0.5
2014-01-01,100.2,0.20000000000000284
2014-02-01,100.6,0.5999999999999943
2014-03-01,102.2,2.200000000000003
2014-04-01,103.3,3.299999999999997
2014-05-01,103.8,3.799999999999997
2014-06-01,101.0,1.0
2014-07-01,100.4,0.4000000000000057
2014-08-01,100.8,0.7999999999999972
2014-09-01,102.9,2.9000000000000057
2014-10-01,102.4,2.4000000000000057
2014-11-01,101.9,1.9000000000000057
2014-12-01,103.0,3.0
2015-01-01,103.1,3.0999999999999943
2015-02-01,105.3,5.299999999999997
2015-03-01,110.8,10.799999999999997
2015-04-01,114.0,14.0
2015-05-01,102.2,2.200000000000003
2015-06-01,100.4,0.4000000000000057
2015-07-01,99.0,-1.0
2015-08-01,99.2,-0.7999999999999972
2015-09-01,102.3,2.299999999999997
2015-10-01,98.7,-1.2999999999999972
2015-11-01,102.0,2.0
2015-12-01,100.7,0.7000000000000028
2016-01-01,100.9,0.9000000000000057
2016-02-01,99.6,-0.4000000000000057
2016-03-01,101.0,1.0
2016-04-01,103.5,3.5
2016-05-01,100.1,0.09999999999999432
2016-06-01,99.8,-0.20000000000000284
2016-07-01,99.9,-0.09999999999999432
2016-08-01,99.7,-0.29999999999999716
2016-09-01,101.8,1.7999999999999972
2016-10-01,102.8,2.799999999999997
2016-11-01,101.8,1.7999999999999972
2016-12-01,100.9,0.9000000000000057
2017-01-01,101.1,1.0999999999999943
2017-02-01,101.0,1.0
2017-03-01,101.8,1.7999999999999972
2017-04-01,100.9,0.9000000000000057
2017-05-01,101.3,1.2999999999999972
2017-06-01,101.6,1.5999999999999943
2017-07-01,100.2,0.20000000000000284
2017-08-01,99.9,-0.09999999999999432
2017-09-01,102.0,2.0
2017-10-01,101.2,1.2000000000000028
2017-11-01,100.9,0.9000000000000057
2017-12-01,101.0,1.0
2018-01-01,101.5,1.5
2018-02-01,100.9,0.9000000000000057
2018-03-01,101.1,1.0999999999999943
2018-04-01,100.8,0.7999999999999972
2018-05-01,100.0,0.0
2018-06-01,100.0,0.0
2018-07-01,99.3,-0.7000000000000028
2018-08-01,100.0,0.0
2018-09-01,101.9,1.9000000000000057
2018-10-01,101.7,1.7000000000000028
2018-11-01,101.4,1.4000000000000057
2018-12-01,100.8,0.7999999999999972
2019-01-01,101.0,1.0
2019-02-01,100.5,0.5
2019-03-01,100.9,0.9000000000000057
2019-04-01,101.0,1.0
2019-05-01,100.7,0.7000000000000028
2019-06-01,99.5,-0.5
2019-07-01,99.4,-0.5999999999999943
2019-08-01,99.7,-0.29999999999999716
2019-09-01,100.7,0.7000000000000028
2019-10-01,100.7,0.7000000000000028
2019-11-01,100.1,0.09999999999999432
2019-12-01,99.8,-0.20000000000000284
2020-01-01,100.2,0.20000000000000284
2020-02-01,99.7,-0.29999999999999716
2020-03-01,100.8,0.7999999999999972
2020-04-01,100.8,0.7999999999999972
2020-05-01,100.3,0.29999999999999716
2020-06-01,100.2,0.20000000000000284
2020-07-01,99.4,-0.5999999999999943
2020-08-01,99.8,-0.20000000000000284
2020-09-01,100.5,0.5
2020-10-01,101.0,1.0
2020-11-01,101.3,1.2999999999999972
2020-12-01,100.9,0.9000000000000057
2021-01-01,101.3,1.2999999999999972
2021-02-01,101.0,1.0
2021-03-01,101.7,1.7000000000000028
2021-04-01,100.7,0.7000000000000028
2021-05-01,101.3,1.2999999999999972
2021-06-01,100.2,0.20000000000000284
2021-07-01,100.1,0.09999999999999432
2021-08-01,99.8,-0.20000000000000284
2021-09-01,101.2,1.2000000000000028
2021-10-01,100.9,0.9000000000000057
2021-11-01,100.8,0.7999999999999972
2021-12-01,100.6,0.5999999999999943
2022-01-01,101.3,1.2999999999999972
2022-02-01,101.6,1.5999999999999943
2022-03-01,104.5,4.5
2022-04-01,103.1,3.0999999999999943
2022-05-01,102.7,2.700000000000003
2022-06-01,103.1,3.0999999999999943
2022-07-01,100.7,0.7000000000000028
2022-08-01,101.1,1.0999999999999943
2022-09-01,101.9,1.9000000000000057
2022-10-01,102.5,2.5
2022-11-01,100.7,0.7000000000000028
2022-12-01,100.7,0.7000000000000028
2023-01-01,100.8,0.7999999999999972
2023-02-01,100.7,0.7000000000000028
2023-03-01,101.5,1.5
2023-04-01,100.2,0.20000000000000284
2023-05-01,100.5,0.5
2023-06-01,100.8,0.7999999999999972
2023-07-01,99.4,-0.5999999999999943
2023-08-01,98.6,-1.4000000000000057
2023-09-01,100.5,0.5
2023-10-01,100.8,0.7999999999999972
2023-11-01,100.5,0.5
2023-12-01,100.7,0.7000000000000028
2024-01-01,100.4,0.4000000000000057
2024-02-01,100.3,0.29999999999999716
2024-03-01,100.5,0.5
2024-04-01,100.2,0.20000000000000284
2024-05-01,100.6,0.5999999999999943
2024-06-01,102.2,2.200000000000003
2024-07-01,100.0,0.0
2024-08-01,100.6,0.5999999999999943
2024-09-01,101.5,1.5
2024-10-01,101.8,1.7999999999999972
2024-11-01,101.9,1.9000000000000057
2024-12-01,101.4,1.4000000000000057
2025-01-01,101.2,1.2000000000000028
2025-02-01,100.8,0.7999999999999972
2025-03-01,101.5,1.5
2025-04-01,100.7,0.7000000000000028
2025-05-01,101.3,1.2999999999999972
2025-06-01,100.8,0.7999999999999972
2025-07-01,99.8,-0.20000000000000284
2025-08-01,99.8,-0.20000000000000284
2025-09-01,100.3,0.29999999999999716
2025-10-01,100.9,0.9000000000000057
2025-11-01,100.4,0.4000000000000057
2025-12-01,100.2,0.20000000000000284
