date,cpi,inflation_pct,t_years,trend,fitted,residual,synthetic,synthetic_residual
2010-01-01,101.8,1.7999999999999972,0.0,100.90833333333335,101.34455924742358,0.4554407525764219,100.92009440410754,-1.1536194727272147
2010-02-01,101.9,1.9000000000000057,0.08333333333333333,100.90833333333335,101.44153104058525,0.45846895941475907,101.10285873163822,-1.106362480870331
2010-03-01,100.9,0.9000000000000057,0.16666666666666666,100.90833333333335,101.39563293868264,-0.4956329386826326,101.85061693446129,-0.22950342167088422
2010-04-01,99.7,-0.29999999999999716,0.25,100.90833333333335,101.2191633010547,-1.5191633010547037,101.01979866191368,-0.7012051160001249
2010-05-01,99.4,-0.5999999999999943,0.3333333333333333,100.90833333333335,100.95940702459242,-1.5594070245924172,99.4418684890652,-1.7862279859105286
2010-06-01,99.6,-0.4000000000000057,0.4166666666666667,100.90833333333335,100.6859655938028,-1.0859655938028112,99.21081502244327,-1.5226575386402885
2010-07-01,99.8,-0.20000000000000284,0.5,100.90833333333335,100.47210741924312,-0.6721074192431189,98.82846193956635,-1.5412041749555243
2010-08-01,101.2,1.2000000000000028,0.5833333333333334,100.90833333333335,100.37513562608144,0.8248643739185582,98.62383113478663,-1.6103276440614565
2010-09-01,102.9,2.9000000000000057,0.6666666666666666,100.90833333333335,100.42103372798405,2.4789662720159527,100.95137489485546,0.588115259630996
2010-10-01,100.5,0.5,0.75,100.90833333333335,100.59750336561198,-0.0975033656119848,100.38537446193908,-0.3370017515037489
2010-11-01,100.3,0.29999999999999716,0.8333333333333334,100.90833333333335,100.85725964207427,-0.5572596420742713,100.09436515367376,-1.120918362707144
2010-12-01,100.8,0.7999999999999972,0.9166666666666666,100.90833333333335,101.13070107286389,-0.3307010728638886,100.17894731109715,-1.53096011917593
2011-01-01,101.0,1.0,1.0,100.90833333333335,101.34455924742358,-0.34455924742357524,101.16642082732318,-0.9072930495115799
2011-02-01,100.9,0.9000000000000057,1.0833333333333333,100.90833333333335,101.44153104058525,-0.5415310405852409,101.05491229109145,-1.1543089214170976
2011-03-01,101.4,1.4000000000000057,1.1666666666666667,100.90833333333335,101.39563293868264,0.0043670613173674155,101.82164518027092,-0.2584751758612498
2011-04-01,101.3,1.2999999999999972,1.25,100.90833333333335,101.2191633010547,0.08083669894529066,101.07839318925708,-0.6426105886567228
2011-05-01,100.8,0.7999999999999972,1.3333333333333333,100.90833333333335,100.95940702459242,-0.15940702459242573,100.30889643495529,-0.9192000400204421
2011-06-01,100.4,0.4000000000000057,1.4166666666666667,100.90833333333335,100.6859655938028,-0.28596559380279984,99.96489160107616,-0.7685809600073981
2011-07-01,98.7,-1.2999999999999972,1.5,100.90833333333335,100.47210741924312,-1.7721074192431132,99.73101153707483,-0.638654577447042
2011-08-01,99.6,-0.4000000000000057,1.5833333333333333,100.90833333333335,100.37513562608144,-0.7751356260814504,99.5771707163283,-0.6569880625197868
2011-09-01,100.1,0.09999999999999432,1.6666666666666667,100.90833333333335,100.42103372798405,-0.3210337279840587,96.91131703222999,-3.451942602994478
2011-10-01,100.0,0.0,1.75,100.90833333333335,100.59750336561198,-0.5975033656119848,97.95935273551083,-2.763023477931995
2011-11-01,100.1,0.09999999999999432,1.8333333333333333,100.90833333333335,100.85725964207427,-0.7572596420742741,98.41855124465387,-2.7967322717270378
2011-12-01,100.2,0.20000000000000284,1.9166666666666667,100.90833333333335,101.13070107286389,-0.9307010728638829,100.2148734535857,-1.495033976687381
2012-01-01,100.2,0.20000000000000284,2.0,100.90833333333335,101.34455924742358,-1.1445592474235724,103.59423664346345,1.5205227666286874
2012-02-01,100.2,0.20000000000000284,2.0833333333333335,100.90833333333335,101.44153104058525,-1.2415310405852438,103.43214531119949,1.2229240986909389
2012-03-01,100.3,0.29999999999999716,2.1666666666666665,100.90833333333335,101.39563293868264,-1.095632938682641,103.15432400627172,1.074203650139566
2012-04-01,100.0,0.0,2.25,100.90833333333335,101.2191633010547,-1.2191633010547065,101.76446097188281,0.04345719396900449
2012-05-01,99.7,-0.29999999999999716,2.3333333333333335,100.90833333333335,100.95940702459242,-1.25940702459242,101.80436981338622,0.5762733384104877
2012-06-01,99.7,-0.29999999999999716,2.4166666666666665,100.90833333333335,100.6859655938028,-0.9859655938028027,102.14495674862975,1.4114841875461792
2012-07-01,99.8,-0.20000000000000284,2.5,100.90833333333335,100.47210741924312,-0.6721074192431189,101.33172320496173,0.9620570904398562
2012-08-01,99.7,-0.29999999999999716,2.5833333333333335,100.90833333333335,100.37513562608144,-0.6751356260814418,100.98680809560457,0.7526493167564894
2012-09-01,100.1,0.09999999999999432,2.6666666666666665,100.90833333333335,100.42103372798405,-0.3210337279840587,100.71963191953274,0.3563722843082644
2012-10-01,100.0,0.0,2.75,100.90833333333335,100.59750336561198,-0.5975033656119848,101.25169640935144,0.5293201959086105
2012-11-01,99.9,-0.09999999999999432,2.8333333333333335,100.90833333333335,100.85725964207427,-0.9572596420742627,101.33821040458757,0.12292688820666342
2012-12-01,100.2,0.20000000000000284,2.9166666666666665,100.90833333333335,101.13070107286389,-0.9307010728638829,101.35031035262588,-0.3595970776471944
2013-01-01,100.2,0.20000000000000284,3.0,100.90833333333335,101.34455924742358,-1.1445592474235724,102.01603577112799,-0.057678105706770566
2013-02-01,99.9,-0.09999999999999432,3.0833333333333335,100.90833333333335,101.44153104058525,-1.541531040585241,101.3794761930359,-0.8297450194726537
2013-03-01,100.0,0.0,3.1666666666666665,100.90833333333335,101.39563293868264,-1.3956329386826383,103.06910793442024,0.9889875782880893
2013-04-01,100.0,0.0,3.25,100.90833333333335,101.2191633010547,-1.2191633010547065,102.09200348613436,0.37099970822055184
2013-05-01,100.1,0.09999999999999432,3.3333333333333335,100.90833333333335,100.95940702459242,-0.8594070245924286,102.14645041362814,0.918353938652416
2013-06-01,100.0,0.0,3.4166666666666665,100.90833333333335,100.6859655938028,-0.6859655938028055,101.41459279790828,0.6811202368247251
2013-07-01,99.9,-0.09999999999999432,3.5,100.90833333333335,100.47210741924312,-0.5721074192431104,100.45355205891386,0.08388594439198016
2013-08-01,99.3,-0.7000000000000028,3.5833333333333335,100.90833333333335,100.37513562608144,-1.0751356260814475,99.77303563098519,-0.4611231478628923
2013-09-01,100.0,0.0,3.6666666666666665,100.90833333333335,100.42103372798405,-0.42103372798405303,98.98031487304192,-1.3829447621825608
2013-10-01,100.4,0.4000000000000057,3.75,100.90833333333335,100.59750336561198,-0.19750336561197912,99.73829879461412,-0.9840774188287043
2013-11-01,100.2,0.20000000000000284,3.8333333333333335,100.90833333333335,100.85725964207427,-0.6572596420742656,99.95528844023073,-1.259995076150176
2013-12-01,100.5,0.5,3.9166666666666665,100.90833333333335,101.13070107286389,-0.6307010728638858,99.56179339649792,-2.1481140337751583
2014-01-01,100.2,0.20000000000000284,4.0,100.90833333333335,101.34455924742358,-1.1445592474235724,100.16134546214471,-1.9123684146900501
2014-02-01,100.6,0.5999999999999943,4.083333333333333,100.90833333333335,101.44153104058525,-0.8415310405852523,100.23367208849045,-1.9755491240181016
2014-03-01,102.2,2.200000000000003,4.166666666666667,100.90833333333335,101.39563293868264,0.8043670613173646,99.36426220783653,-2.715858148295638
2014-04-01,103.3,3.299999999999997,4.25,100.90833333333335,101.2191633010547,2.0808366989452907,97.75942326630263,-3.9615805116111744
2014-05-01,103.8,3.799999999999997,4.333333333333333,100.90833333333335,100.95940702459244,2.84059297540756,97.79195217320628,-3.4361443017694455
2014-06-01,101.0,1.0,4.416666666666667,100.90833333333335,100.6859655938028,0.31403440619719447,101.57509171735886,0.8416191562752999
2014-07-01,100.4,0.4000000000000057,4.5,100.90833333333335,100.47210741924312,-0.07210741924311037,101.39032451536991,1.0206584008480348
2014-08-01,100.8,0.7999999999999972,4.583333333333333,100.90833333333335,100.37513562608144,0.4248643739185525,100.29984295633318,0.06568417748509603
2014-09-01,102.9,2.9000000000000057,4.666666666666667,100.90833333333335,100.42103372798405,2.4789662720159527,100.21267119960606,-0.15058843561840263
2014-10-01,102.4,2.4000000000000057,4.75,100.90833333333335,100.59750336561198,1.8024966343880209,99.79262162462904,-0.9297545888137932
2014-11-01,101.9,1.9000000000000057,4.833333333333333,100.90833333333335,100.85725964207425,1.0427403579257515,101.41720197171367,0.2019184553327591
2014-12-01,103.0,3.0,4.916666666666667,100.90833333333335,101.13070107286389,1.8692989271361142,100.34706440289567,-1.3628430273774086
2015-01-01,103.1,3.0999999999999943,5.0,100.90833333333335,101.34455924742358,1.755440752576419,101.20948691962388,-0.8642269572108745
2015-02-01,105.3,5.299999999999997,5.083333333333333,100.90833333333335,101.44153104058525,3.8584689594147505,99.76981734159119,-2.43940387091736
2015-03-01,110.8,10.799999999999997,5.166666666666667,100.90833333333335,101.39563293868264,9.404367061317359,100.2342976968615,-1.8458226592706524
2015-04-01,114.0,14.0,5.25,100.90833333333335,101.2191633010547,12.780836698945294,100.17047794307554,-1.5505258348382682
2015-05-01,102.2,2.200000000000003,5.333333333333333,100.90833333333335,100.95940702459244,1.2405929754075657,100.12520521324475,-1.1028912617309743
2015-06-01,100.4,0.4000000000000057,5.416666666666667,100.90833333333335,100.6859655938028,-0.28596559380279984,99.6493082518072,-1.0841643092763604
2015-07-01,99.0,-1.0,5.5,100.90833333333335,100.47210741924312,-1.472107419243116,100.07965318481399,-0.29001292970788484
2015-08-01,99.2,-0.7999999999999972,5.583333333333333,100.90833333333335,100.37513562608144,-1.1751356260814418,99.37986651069946,-0.854292268148626
2015-09-01,102.3,2.299999999999997,5.666666666666667,100.90833333333335,100.42103372798405,1.8789662720159441,99.76571818398062,-0.597541451243842
2015-10-01,98.7,-1.2999999999999972,5.75,100.90833333333335,100.59750336561198,-1.897503365611982,100.28014573820072,-0.4422304752421127
2015-11-01,102.0,2.0,5.833333333333333,100.90833333333335,100.85725964207427,1.1427403579257316,101.1628381787775,-0.052445337603401754
2015-12-01,100.7,0.7000000000000028,5.916666666666667,100.90833333333335,101.13070107286389,-0.43070107286388293,103.10759517703318,1.3976877467600985
2016-01-01,100.9,0.9000000000000057,6.0,100.90833333333335,101.34455924742358,-0.44455924742356956,102.28256777152907,0.2088538946943146
2016-02-01,99.6,-0.4000000000000057,6.083333333333333,100.90833333333335,101.44153104058525,-1.8415310405852523,101.51531089144213,-0.6939103210664257
2016-03-01,101.0,1.0,6.166666666666667,100.90833333333335,101.39563293868264,-0.39563293868263827,100.6728795596027,-1.4072407965294502
2016-04-01,103.5,3.5,6.25,100.90833333333335,101.2191633010547,2.2808366989452935,100.60345962805002,-1.1175441498637895
2016-05-01,100.1,0.09999999999999432,6.333333333333333,100.90833333333335,100.95940702459244,-0.8594070245924428,101.14322408811807,-0.08487238685765419
2016-06-01,99.8,-0.20000000000000284,6.416666666666667,100.90833333333335,100.6859655938028,-0.8859655938028084,100.69612485275724,-0.037347708326336715
2016-07-01,99.9,-0.09999999999999432,6.5,100.90833333333335,100.47210741924312,-0.5721074192431104,100.00560016930937,-0.36406594521250213
2016-08-01,99.7,-0.29999999999999716,6.583333333333333,100.90833333333335,100.37513562608144,-0.6751356260814418,100.24592024676791,0.011761467919825463
2016-09-01,101.8,1.7999999999999972,6.666666666666667,100.90833333333335,100.42103372798405,1.3789662720159441,98.74897190606069,-1.6142877291637774
2016-10-01,102.8,2.799999999999997,6.75,100.90833333333335,100.59750336561198,2.2024966343880124,99.74890970600177,-0.97346650744106
2016-11-01,101.8,1.7999999999999972,6.833333333333333,100.90833333333335,100.85725964207427,0.9427403579257287,99.94630579112926,-1.268977725251645
2016-12-01,100.9,0.9000000000000057,6.916666666666667,100.90833333333335,101.13070107286389,-0.23070107286388009,100.08724087782092,-1.6226665524521593
2017-01-01,101.1,1.0999999999999943,7.0,100.90833333333335,101.34455924742358,-0.24455924742358093,100.68261422555692,-1.391099651277841
2017-02-01,101.0,1.0,7.083333333333333,100.90833333333335,101.44153104058525,-0.4415310405852466,101.59740665574928,-0.6118145567592705
2017-03-01,101.8,1.7999999999999972,7.166666666666667,100.90833333333335,101.39563293868264,0.4043670613173589,101.58999249839104,-0.4901278577411148
2017-04-01,100.9,0.9000000000000057,7.25,100.90833333333335,101.2191633010547,-0.3191633010547008,101.6375990618258,-0.08340471608801181
2017-05-01,101.3,1.2999999999999972,7.333333333333333,100.90833333333335,100.95940702459244,0.34059297540756006,101.37400165196904,0.14590517699330974
2017-06-01,101.6,1.5999999999999943,7.416666666666667,100.90833333333335,100.6859655938028,0.9140344061971888,99.80080132082007,-0.9326712402635025
2017-07-01,100.2,0.20000000000000284,7.5,100.90833333333335,100.47210741924312,-0.2721074192431132,100.95140127475746,0.5817351602355814
2017-08-01,99.9,-0.09999999999999432,7.583333333333333,100.90833333333335,100.37513562608144,-0.475135626081439,102.40128599037853,2.167127211530442
2017-09-01,102.0,2.0,7.666666666666667,100.90833333333335,100.42103372798405,1.578966272015947,101.11275119724971,0.7494915620252414
2017-10-01,101.2,1.2000000000000028,7.75,100.90833333333335,100.59750336561198,0.602496634388018,101.24729762094906,0.524921407506227
2017-11-01,100.9,0.9000000000000057,7.833333333333333,100.90833333333335,100.85725964207427,0.04274035792573727,108.32810604688777,7.112822530506861
2017-12-01,101.0,1.0,7.916666666666667,100.90833333333335,101.13070107286389,-0.13070107286388577,104.34345932059621,2.633551890323133
2018-01-01,101.5,1.5,8.0,100.90833333333335,101.34455924742358,0.15544075257642476,103.37152930406593,1.2978154272311713
2018-02-01,100.9,0.9000000000000057,8.083333333333334,100.90833333333335,101.44153104058525,-0.5415310405852409,104.03393839597632,1.8247171834677545
2018-03-01,101.1,1.0999999999999943,8.166666666666666,100.90833333333335,101.39563293868264,-0.29563293868264395,102.62695046849015,0.5468301123579948
2018-04-01,100.8,0.7999999999999972,8.25,100.90833333333335,101.2191633010547,-0.41916330105470934,101.9092681935291,0.1882644156152935
2018-05-01,100.0,0.0,8.333333333333334,100.90833333333335,100.95940702459242,-0.9594070245924229,100.56254000847422,-0.6655564665014992
2018-06-01,100.0,0.0,8.416666666666666,100.90833333333335,100.6859655938028,-0.6859655938028055,101.81376345850545,1.080290897421861
2018-07-01,99.3,-0.7000000000000028,8.5,100.90833333333335,100.47210741924312,-1.172107419243119,100.91886696404674,0.5492008495248655
2018-08-01,100.0,0.0,8.583333333333334,100.90833333333335,100.37513562608144,-0.3751356260814447,100.30498530678592,0.0708265279378395
2018-09-01,101.9,1.9000000000000057,8.666666666666666,100.90833333333335,100.42103372798405,1.4789662720159527,100.93641313142768,0.5731534962032043
2018-10-01,101.7,1.7000000000000028,8.75,100.90833333333335,100.59750336561198,1.102496634388018,101.24736468333532,0.5249884698924916
2018-11-01,101.4,1.4000000000000057,8.833333333333334,100.90833333333335,100.85725964207427,0.5427403579257373,108.328146569499,7.11286305311809
2018-12-01,100.8,0.7999999999999972,8.916666666666666,100.90833333333335,101.13070107286389,-0.3307010728638886,105.4098053284205,3.699897898147455
2019-01-01,101.0,1.0,9.0,100.90833333333335,101.34455924742358,-0.34455924742357524,103.84377764185265,1.7700637650178948
2019-02-01,100.5,0.5,9.083333333333334,100.90833333333335,101.44153104058525,-0.9415310405852466,104.10861509965977,1.89939388715122
2019-03-01,100.9,0.9000000000000057,9.166666666666666,100.90833333333335,101.39563293868264,-0.4956329386826326,103.16897881049195,1.0888584543597943
2019-04-01,101.0,1.0,9.25,100.90833333333335,101.2191633010547,-0.2191633010547065,103.0042710518882,1.2832672739743884
2019-05-01,100.7,0.7000000000000028,9.333333333333334,100.90833333333335,100.95940702459242,-0.25940702459242004,100.81259802880457,-0.4154984461711422
2019-06-01,99.5,-0.5,9.416666666666666,100.90833333333335,100.6859655938028,-1.1859655938028055,101.31970149961481,0.5862289385312209
2019-07-01,99.4,-0.5999999999999943,9.5,100.90833333333335,100.47210741924312,-1.0721074192431104,100.95521523054461,0.5855491160227331
2019-08-01,99.7,-0.29999999999999716,9.583333333333334,100.90833333333335,100.37513562608144,-0.6751356260814418,100.61313296270384,0.3789741838557603
2019-09-01,100.7,0.7000000000000028,9.666666666666666,100.90833333333335,100.42103372798405,0.2789662720159498,99.80671651929514,-0.5565431159293439
2019-10-01,100.7,0.7000000000000028,9.75,100.90833333333335,100.59750336561198,0.10249663438801804,101.8264255141093,1.1040493006664747
2019-11-01,100.1,0.09999999999999432,9.833333333333334,100.90833333333335,100.85725964207427,-0.7572596420742741,101.46043544403214,0.24515192765123572
2019-12-01,99.8,-0.20000000000000284,9.916666666666666,100.90833333333335,101.13070107286389,-1.3307010728638886,100.94337601228123,-0.7665314179918141
2020-01-01,100.2,0.20000000000000284,10.0,100.90833333333335,101.34455924742358,-1.1445592474235724,100.43634227237317,-1.6373716044615918
2020-02-01,99.7,-0.29999999999999716,10.083333333333334,100.90833333333335,101.44153104058525,-1.7415310405852438,102.76413574235309,0.5549145298445382
2020-03-01,100.8,0.7999999999999972,10.166666666666666,100.90833333333335,101.39563293868264,-0.5956329386826411,102.28706759525613,0.20694723912397706
2020-04-01,100.8,0.7999999999999972,10.25,100.90833333333335,101.2191633010547,-0.41916330105470934,103.55006240126221,1.829058623348402
2020-05-01,100.3,0.29999999999999716,10.333333333333334,100.90833333333335,100.95940702459244,-0.6594070245924399,103.06010604219034,1.8320095672146124
2020-06-01,100.2,0.20000000000000284,10.416666666666666,100.90833333333335,100.6859655938028,-0.4859655938028027,102.01755431517653,1.284081754092952
2020-07-01,99.4,-0.5999999999999943,10.5,100.90833333333335,100.47210741924312,-1.0721074192431104,100.24645512402743,-0.12321099049444229
2020-08-01,99.8,-0.20000000000000284,10.583333333333334,100.90833333333335,100.37513562608144,-0.5751356260814475,99.12290883549689,-1.111249943351197
2020-09-01,100.5,0.5,10.666666666666666,100.90833333333335,100.42103372798405,0.07896627201594697,99.03424502114297,-1.3290146140815153
2020-10-01,101.0,1.0,10.75,100.90833333333335,100.59750336561198,0.4024966343880152,102.05417320368407,1.3317969902412443
2020-11-01,101.3,1.2999999999999972,10.833333333333334,100.90833333333335,100.85725964207427,0.44274035792572874,101.57458921303244,0.359305696651532
2020-12-01,100.9,0.9000000000000057,10.916666666666666,100.90833333333335,101.13070107286389,-0.23070107286388009,108.66770297728289,6.957795547009837
2021-01-01,101.3,1.2999999999999972,11.0,100.90833333333335,101.34455924742358,-0.044559247423578086,105.10378576899284,3.0300718921580767
2021-02-01,101.0,1.0,11.083333333333334,100.90833333333335,101.44153104058525,-0.4415310405852466,102.14547674815557,-0.06374446435297898
2021-03-01,101.7,1.7000000000000028,11.166666666666666,100.90833333333335,101.39563293868264,0.3043670613173646,101.47404816513658,-0.606072190995576
2021-04-01,100.7,0.7000000000000028,11.25,100.90833333333335,101.2191633010547,-0.5191633010547037,100.77364677084854,-0.9473570070652642
2021-05-01,101.3,1.2999999999999972,11.333333333333334,100.90833333333335,100.95940702459242,0.34059297540757427,100.7524387618513,-0.47565771312441996
2021-06-01,100.2,0.20000000000000284,11.416666666666666,100.90833333333335,100.6859655938028,-0.4859655938028027,100.87080859994354,0.1373360388599565
2021-07-01,100.1,0.09999999999999432,11.5,100.90833333333335,100.47210741924312,-0.37210741924312174,101.6300933525954,1.2604272380735182
2021-08-01,99.8,-0.20000000000000284,11.583333333333334,100.90833333333335,100.37513562608144,-0.5751356260814475,101.5721941246203,1.3380353457722123
2021-09-01,101.2,1.2000000000000028,11.666666666666666,100.90833333333335,100.42103372798405,0.7789662720159498,101.50446922617625,1.1412095909517888
2021-10-01,100.9,0.9000000000000057,11.75,100.90833333333335,100.59750336561198,0.3024966343880209,102.20059223945654,1.4782160260137118
2021-11-01,100.8,0.7999999999999972,11.833333333333334,100.90833333333335,100.85725964207427,-0.057259642074271255,102.98285524242192,1.7675717260409982
2021-12-01,100.6,0.5999999999999943,11.916666666666666,100.90833333333335,101.13070107286389,-0.5307010728638915,104.28649445749863,2.5765870272255853
2022-01-01,101.3,1.2999999999999972,12.0,100.90833333333335,101.34455924742358,-0.044559247423578086,103.86087682047402,1.7871629436392595
2022-02-01,101.6,1.5999999999999943,12.083333333333334,100.90833333333335,101.44153104058525,0.1584689594147477,110.06557585358478,7.856354641076223
2022-03-01,104.5,4.5,12.166666666666666,100.90833333333335,101.39563293868265,3.1043670613173475,107.14551022793006,5.0653898717978905
2022-04-01,103.1,3.0999999999999943,12.25,100.90833333333335,101.2191633010547,1.8808366989452878,105.03198279310995,3.310979015196139
2022-05-01,102.7,2.700000000000003,12.333333333333334,100.90833333333335,100.95940702459244,1.7405929754075657,103.92294011411776,2.694843639142036
2022-06-01,103.1,3.0999999999999943,12.416666666666666,100.90833333333335,100.6859655938028,2.414034406197189,101.35470453035609,0.6212319692725146
2022-07-01,100.7,0.7000000000000028,12.5,100.90833333333335,100.47210741924312,0.2278925807568868,100.5602037466824,0.19053763216052744
2022-08-01,101.1,1.0999999999999943,12.583333333333334,100.90833333333335,100.37513562608144,0.7248643739185496,100.34617966056489,0.11202088171680202
2022-09-01,101.9,1.9000000000000057,12.666666666666666,100.90833333333335,100.42103372798404,1.4789662720159669,100.03301723303522,-0.33024240218925627
2022-10-01,102.5,2.5,12.75,100.90833333333335,100.59750336561198,1.9024966343880152,99.06152444847297,-1.6608517649698626
2022-11-01,100.7,0.7000000000000028,12.833333333333334,100.90833333333335,100.85725964207427,-0.15725964207426557,99.81102357866499,-1.4042599377159206
2022-12-01,100.7,0.7000000000000028,12.916666666666666,100.90833333333335,101.13070107286389,-0.43070107286388293,99.7462282356463,-1.9636791946267493
2023-01-01,100.8,0.7999999999999972,13.0,100.90833333333335,101.34455924742358,-0.5445592474235781,100.51833233414328,-1.555381542691478
2023-02-01,100.7,0.7000000000000028,13.083333333333334,100.90833333333335,101.44153104058525,-0.7415310405852438,99.89768198906835,-2.3115392234402066
2023-03-01,101.5,1.5,13.166666666666666,100.90833333333335,101.39563293868264,0.10436706131736173,100.79967578187936,-1.2804445742527975
2023-04-01,100.2,0.20000000000000284,13.25,100.90833333333335,101.2191633010547,-1.0191633010547037,103.086624557775,1.3656207798611888
2023-05-01,100.5,0.5,13.333333333333334,100.90833333333335,100.95940702459242,-0.4594070245924229,101.49693719192322,0.26884071694750844
2023-06-01,100.8,0.7999999999999972,13.416666666666666,100.90833333333335,100.6859655938028,0.11403440619719163,100.84790276641684,0.11443020533324955
2023-07-01,99.4,-0.5999999999999943,13.5,100.90833333333335,100.47210741924312,-1.0721074192431104,101.80627417767674,1.4366080631548641
2023-08-01,98.6,-1.4000000000000057,13.583333333333334,100.90833333333335,100.37513562608144,-1.7751356260814504,100.8107893773331,0.5766305984850106
2023-09-01,100.5,0.5,13.666666666666666,100.90833333333335,100.42103372798405,0.07896627201594697,100.66229537996306,0.29903574473857475
2023-10-01,100.8,0.7999999999999972,13.75,100.90833333333335,100.59750336561198,0.20249663438801235,100.33400919998562,-0.3883670134572128
2023-11-01,100.5,0.5,13.833333333333334,100.90833333333335,100.85725964207427,-0.3572596420742684,100.0679150466964,-1.1473684696845226
2023-12-01,100.7,0.7000000000000028,13.916666666666666,100.90833333333335,101.13070107286389,-0.43070107286388293,100.81384763399076,-0.8960597962822874
2024-01-01,100.4,0.4000000000000057,14.0,100.90833333333335,101.34455924742358,-0.9445592474235696,102.10152009971918,0.027806222884422027
2024-02-01,100.3,0.29999999999999716,14.083333333333334,100.90833333333335,101.44153104058525,-1.1415310405852495,101.55882062147215,-0.6504005910364015
2024-03-01,100.5,0.5,14.166666666666666,100.90833333333335,101.39563293868265,-0.8956329386826525,101.96384811607795,-0.1162722400542151
2024-04-01,100.2,0.20000000000000284,14.25,100.90833333333335,101.2191633010547,-1.0191633010547037,100.74864412591624,-0.9723596519975786
2024-05-01,100.6,0.5999999999999943,14.333333333333334,100.90833333333335,100.95940702459244,-0.3594070245924428,101.13711501625448,-0.09098145872124519
2024-06-01,102.2,2.200000000000003,14.416666666666666,100.90833333333335,100.6859655938028,1.5140344061971973,101.09433960377818,0.36086704269459347
2024-07-01,100.0,0.0,14.5,100.90833333333335,100.47210741924312,-0.47210741924311606,99.85107223305546,-0.5185938814664155
2024-08-01,100.6,0.5999999999999943,14.583333333333334,100.90833333333335,100.37513562608144,0.22486437391854963,99.65491368294789,-0.5792450959001911
2024-09-01,101.5,1.5,14.666666666666666,100.90833333333335,100.42103372798404,1.0789662720159612,100.07149086675471,-0.2917687684697654
2024-10-01,101.8,1.7999999999999972,14.75,100.90833333333335,100.59750336561198,1.2024966343880124,100.2019766227117,-0.520399590731131
2024-11-01,101.9,1.9000000000000057,14.833333333333334,100.90833333333335,100.85725964207427,1.0427403579257373,99.91746396177392,-1.2978195546069884
2024-12-01,101.4,1.4000000000000057,14.916666666666666,100.90833333333335,101.13070107286389,0.2692989271361199,100.20737663691901,-1.5025307933540404
2025-01-01,101.2,1.2000000000000028,15.0,100.90833333333335,101.34455924742358,-0.1445592474235724,100.44167828438185,-1.6320355924529082
2025-02-01,100.8,0.7999999999999972,15.083333333333334,100.90833333333335,101.44153104058525,-0.6415310405852495,100.3441674892464,-1.8650537232621502
2025-03-01,101.5,1.5,15.166666666666666,100.90833333333335,101.39563293868264,0.10436706131736173,101.39217589211692,-0.6879444640152315
2025-04-01,100.7,0.7000000000000028,15.25,100.90833333333335,101.2191633010547,-0.5191633010547037,101.87670194055292,0.15569816263911207
2025-05-01,101.3,1.2999999999999972,15.333333333333334,100.90833333333335,100.95940702459242,0.34059297540757427,100.95853730607396,-0.26955916890175047
2025-06-01,100.8,0.7999999999999972,15.416666666666666,100.90833333333335,100.6859655938028,0.11403440619719163,101.69959660076495,0.9661240396813611
2025-07-01,99.8,-0.20000000000000284,15.5,100.90833333333335,100.47210741924312,-0.6721074192431189,101.05316479697132,0.6834986824494393
2025-08-01,99.8,-0.20000000000000284,15.583333333333334,100.90833333333335,100.37513562608144,-0.5751356260814475,100.376085063481,0.14192628463291612
2025-09-01,100.3,0.29999999999999716,15.666666666666666,100.90833333333335,100.42103372798405,-0.12103372798405587,101.09809959850385,0.7348399632793701
2025-10-01,100.9,0.9000000000000057,15.75,100.90833333333335,100.59750336561198,0.3024966343880209,99.78115734845191,-0.9412188649909154
2025-11-01,100.4,0.4000000000000057,15.833333333333334,100.90833333333335,100.85725964207427,-0.45725964207426273,99.71490864325159,-1.5003748731293314
2025-12-01,100.2,0.20000000000000284,15.916666666666666,100.90833333333335,101.13070107286389,-0.9307010728638829,101.48672677650471,-0.2231806537683383
